<dialog>
	<script>
		<![CDATA[

			menu <- null;
			
			// This is called when the selected index in the list is changed
			// We swap the texture which indicates to the user that the item
			// is selected.
			function OnSelectedIndexChanged(event)
			{
				local newIndex = event.getNewIndex();
				local oldIndex = event.getOldIndex();
				
				if(oldIndex >= 0)
				{
					local oldItem = menu.getItem(oldIndex);
					local oldLabel = oldItem.findWidget("menuitem");
					oldLabel.setColor(15,15,15);
					local oldSelected = oldItem.findWidget("selected");
					oldSelected.setVisible(false);
				}
				
				if(newIndex >= 0)
				{
					local newItem = menu.getItem(newIndex);
					local newLabel = newItem.findWidget("menuitem");
					newLabel.setColor(31,31,31);
					local newSelected = newItem.findWidget("selected");
					newSelected.setVisible(true);
				}
			}	

			function OnItemActivated(event)
			{
				local dialog = event.getTarget().getParentScene();
				dialog.getModel().setSelectedItem(menu.getSelectedIndex());
				dialog.hide();
			}

			function OnItemClicked(event)
			{
				local dialog = event.getTarget().getParentScene();
				dialog.getModel().setSelectedItem(menu.getSelectedIndex());
				dialog.hide();
			}

			function OnBegin(event)
			{
				local dialog = event.getTarget();
				
				menu.clearItems();
				
				local maxWidth = 0;
				local menuHeight = 0;
				
				local model = dialog.getModel();
				local menuItems = model.getItems();
				foreach(itemText in menuItems)
				{
					// Create the item
					local item = ListItem(itemText);
					
					// Apply the template
					menu.applyItemTemplate(item);

					// Set the label text
					local menuitem = item.findWidget("menuitem");
					menuitem.setText(itemText);
					
					// Get the text width and set the label to match
					local textWidth = menuitem.getTextWidth();
					
					// Update max width and height
					if(textWidth > maxWidth)
					{
						maxWidth = textWidth;
					}
					menuHeight = menuHeight + item.getHeight();
					
					// Add it to the list
					menu.addItem(item);
					
					// Hook the click event
					item.onClick(OnItemClicked);
				}
	
				// Set the bounds of the widgets appropriately	
				
				if(maxWidth > 200)
				{
					maxWidth = 200;
				}
				
				local x = model.getX();
				local xRight = x + maxWidth;
				if(xRight > 256)
				{
					x = x - (xRight - 256) - 20;
				}
				
				if(menuHeight > 170)
				{
					menuHeight = 170;
				}
				
				local y = model.getY();
				local yBottom = y + menuHeight;				
				if(yBottom	> 192)
				{
					y = y - (yBottom - 192) - 10;
				}
				
				dialog.setX(x);
				dialog.setY(y);
				dialog.setWidth(maxWidth+20);
				dialog.setHeight(menuHeight);

				local bg = dialog.findWidget("bg");
				bg.setWidth(maxWidth+20);
				bg.setHeight(menuHeight);
				
				menu.setWidth(maxWidth+20);
				menu.setHeight(menuHeight);
				
				foreach(item in menu.getItems())
				{
					local selected = item.findWidget("selected");
					local menuitem = item.findWidget("menuitem");
					item.setWidth(maxWidth+20);
					selected.setWidth(maxWidth+20);
					menuitem.setWidth(maxWidth+20);
				}
				
				menu.focus();
			}				

			function OnEnd(event)
			{
				local dialog = event.getTarget();
			}

			function OnInit()
			{
				local event = Application.getEvent();
				local dialog = event.getTarget();
				
				menu = dialog.findWidget("menu");
				menu.onSelectedIndexChanged(OnSelectedIndexChanged);
				menu.onItemActivated(OnItemActivated);
								
				dialog.onBegin(OnBegin);
				dialog.onEnd(OnEnd);				
			}
			
		]]>
	</script>

	<properties>
			<bounds x="0" y="0" width="24" height="24"/>	
	</properties>

	<objects>
		<rect id="bg">
			<properties>
				<color red="28" green="28" blue="28"/>
			</properties>
		</rect>
		<list id="menu">
      <properties>
        <depth>1</depth>
      </properties>
      <item-template>
        <properties>
          <bounds x="0" y="0" width="25" height="22"/>
          <depth>1</depth>
        </properties>
        <objects>
			    <rect id="selected">
						<properties>
							<bounds x="0" y="0" width="256" height="22"/>
							<color red="0" green="0" blue="31"/>
							<alpha>15</alpha>
							<visible>false</visible>
						</properties>
					</rect>
          <label id="menuitem">
            <properties>
              <bounds x="10" y="0" width="0" height="22"/>
              <depth>2</depth>
							<color red="15" blue="15" green="15"/>
              <font name="default" size="10"/>
              <wrap-type>clip</wrap-type>
              <justify>left</justify>
              <vertical-align>middle</vertical-align> 
            </properties>       
          </label>
        </objects>
      </item-template>
    </list>
	</objects>

	<events>
		<on-init><![CDATA[ OnInit(); ]]></on-init>
	</events>
	
</dialog>